tool,keywords
BIN Lookup API,"['bin lookup api', 'credit card bin api', 'card issuer lookup', 'bank identification number api', 'card validation api', 'payment card metadata', 'fraud detection api', 'issuer identification', 'card network detection', 'visa mastercard lookup', 'payment processing api', 'fintech card verification', 'bin database api', 'card type detection', 'payment gateway integration']"
MCC Lookup API,"['mcc lookup api', 'merchant category code api', 'mcc decoder', 'iso 18245 api', 'merchant classification api', 'payment processing mcc', 'mcc code lookup', 'merchant category codes', 'transaction classification api', 'fintech mcc', 'payment gateway mcc', 'mcc compliance', 'merchant type classification', 'visa mastercard mcc', 'real-time mcc lookup', 'batch mcc lookup', 'mcc validation api']"
IBAN Validator API,"['iban validator api', 'iban verification', 'iban checksum validation', 'sepa iban checker', 'international bank account number validator', 'iban parser', 'iban format validation', 'payment gateway iban check', 'iban compliance tool', 'iso 13616 validation', 'iban rest api', 'bank code extractor', 'country code from iban']"
Decline Code Interpreter API,"['decline code api', 'payment decline interpreter', 'card decline reason api', 'ISO 8583 decline codes', 'payment decline codes meaning', 'visa decline codes', 'mastercard decline codes', 'amex decline codes', 'payment processing api', 'card decline detection', 'retry logic payment', 'payment failure handling', 'fintech api', 'payment gateway api', 'transaction decline resolution', 'merchant api decline', 'insufficient funds detection', 'fraud block detection', 'card expired code', 'payment error codes reference']"
SWIFT BIC Lookup API,"['swift code lookup', 'bic validator api', 'swift bic decoder', 'bank code validator', 'international payment routing', 'swift code validation api', 'bic lookup service', 'correspondent bank api', 'payment routing validator', 'swift code checker', 'bic code lookup', 'bank identifier code api', 'cross-border payment validation', 'fintech swift api', 'payments compliance api']"
Currency Converter API,"['currency converter api', 'exchange rate api', 'forex api', 'real-time currency conversion', 'currency exchange api', 'international payment api', 'multi-currency api', 'live exchange rates', 'currency conversion service', 'payment gateway currency conversion', 'global currency converter', 'forex rates api', 'currency pair conversion', 'fintech currency api', 'iso 4217 currency converter']"
Crypto Wallet Address Validator API,"['crypto wallet validator api', 'wallet address validation', 'blockchain address checker', 'ethereum address validator', 'bitcoin address validation', 'solana wallet validator', 'multi-chain address verification', 'wallet format checker', 'address checksum validator', 'crypto address verification api', 'wallet validation rest api', 'blockchain address format validator']"
Sanctions Checker API,"['ofac sanctions api', 'sanctions screening api', 'aml check api', 'sdn list screening', 'ofac sdl lookup', 'compliance screening api', 'sanctions database api', 'kyc aml api', 'fintech sanctions check', 'name matching sanctions', 'fuzzy matching compliance', 'ofac api integration', 'sanctions monitoring api', 'regulatory screening api', 'anti-money laundering api']"
PEP Screener API,"['pep screening api', 'politically exposed person api', 'kyc pep check', 'aml pep screening', 'politically exposed persons database', 'pep verification api', 'kyc compliance api', 'aml screening api', 'pep risk assessment', 'fintech compliance api', 'real-time pep screening', 'sanction screening api', 'customer due diligence api', 'regulatory compliance api', 'know your customer api']"
Routing Number Validator API,"['routing number validator', 'aba routing number api', 'bank routing number lookup', 'routing number check', 'federal reserve routing', 'ach routing verification', 'routing number validation api', 'bank identification routing', 'fintech routing api', 'payment processing routing', 'routing number database', 'wire transfer routing lookup']"
ISO 8583 Parser API,"['iso 8583 parser api', 'iso 8583 decoder json', 'payment message parser', 'iso8583 message format', 'financial transaction decoder', 'visa mastercard message parser', 'payment gateway iso 8583', 'card network message parser', 'iso 8583 fields reference', 'payment processing api', 'fintech transaction parser', 'ach iso 8583 parser', 'pos terminal message decoder', 'banking api message parser', 'payment reconciliation tool']"
Card Fraud Score API,"['card fraud score api', 'payment fraud risk api', 'card risk assessment', 'fraud detection api', 'payment risk scoring', 'chargeback prevention', 'card validation api', 'real-time fraud scoring', 'prepaid card fraud', 'payment security api', 'transaction risk assessment', 'fintech fraud tools', 'payment processing security']"
Token Price Feed API,"['crypto price api', 'token price feed', 'bitcoin price api', 'ethereum price api', 'cryptocurrency price data', 'real-time token prices', 'market cap api', 'crypto market data', 'price feed trading bot', 'blockchain price api', 'altcoin prices api', 'defi token prices', 'crypto price webhook', 'live cryptocurrency prices', 'trading bot price api']"
EIN Validator API,"['ein validator api', 'employer identification number validation', 'business ein lookup', 'irs ein checker', 'ein format validator', 'business tax id verification', 'kyb compliance api', 'business identity verification api', 'ein validation service', 'employer id validator', 'tax id verification api', 'business registration validator', 'ein prefix lookup', 'irs compliance tool', 'ein verification api']"
DeFi Health Checker API,"['defi health api', 'protocol tvl monitoring', 'defi risk assessment api', 'aave tvl api', 'curve finance tvl', 'lido staking tvl', 'makerdao health check', 'compound protocol tvl', 'defi protocol monitoring api', 'real-time tvl data', 'defi risk dashboard', 'smart contract tvl', 'web3 protocol health', 'collateral ratio monitoring', 'defi exposure tracking']"
Payment Intelligence API,"['payment intelligence api', 'decline code analyzer', 'payment retry api', 'fraud detection api', 'transaction intelligence', 'payment failure analysis', 'decline code lookup', 'retry strategy api', 'payment optimization api', 'ISO 8583 decline codes', 'payment processing api', 'fintech api', 'card decline reasons', 'payment success rate', 'false decline prevention', 'payment recovery', 'BIN analysis', 'merchant category code', 'fraud risk scoring', 'checkout optimization']"
